<?xml version="1.0" encoding="UTF-8"?>
<metadata>
   <groupId>com.jetbrains.intellij.idea</groupId>
   <artifactId>ideaIU</artifactId>
   <versioning>
      <latest>243.22372-EAP-CANDIDATE-SNAPSHOT</latest>
      <versions>
         <version>LATEST-EAP-SNAPSHOT</version>
         <version>232-EAP-SNAPSHOT</version>
         <version>232.10335-EAP-CANDIDATE-SNAPSHOT</version>
         <version>233-EAP-SNAPSHOT</version>
         <version>233.13135-EAP-CANDIDATE-SNAPSHOT</version>
         <version>233.15619-EAP-CANDIDATE-SNAPSHOT</version>
         <version>241-EAP-SNAPSHOT</version>
         <version>241.18968-EAP-CANDIDATE-SNAPSHOT</version>
         <version>241.19072-EAP-CANDIDATE-SNAPSHOT</version>
         <version>241.19416-EAP-CANDIDATE-SNAPSHOT</version>
         <version>242-EAP-SNAPSHOT</version>
         <version>242.20224-EAP-CANDIDATE-SNAPSHOT</version>
         <version>242.20224.387-EAP-SNAPSHOT</version>
         <version>242.21829-EAP-CANDIDATE-SNAPSHOT</version>
         <version>242.21829.15-EAP-SNAPSHOT</version>
         <version>242.21829.40-EAP-SNAPSHOT</version>
         <version>242.21988-EAP-CANDIDATE-SNAPSHOT</version>
         <version>242.22855-EAP-CANDIDATE-SNAPSHOT</version>
         <version>242.22855.36-EAP-SNAPSHOT</version>
         <version>242.23339-EAP-CANDIDATE-SNAPSHOT</version>
         <version>242.23726-EAP-CANDIDATE-SNAPSHOT</version>
         <version>242.23726.16-EAP-SNAPSHOT</version>
         <version>242.23726.38-EAP-SNAPSHOT</version>
         <version>243-EAP-SNAPSHOT</version>
         <version>243.12818-EAP-CANDIDATE-SNAPSHOT</version>
         <version>243.12818.47-EAP-SNAPSHOT</version>
         <version>243.15521-EAP-CANDIDATE-SNAPSHOT</version>
         <version>243.15521.24-EAP-SNAPSHOT</version>
         <version>243.16718-EAP-CANDIDATE-SNAPSHOT</version>
         <version>243.16718.32-EAP-SNAPSHOT</version>
         <version>243.18137-EAP-CANDIDATE-SNAPSHOT</version>
         <version>243.18137.10-EAP-SNAPSHOT</version>
         <version>243.19420-EAP-CANDIDATE-SNAPSHOT</version>
         <version>243.19420.21-EAP-SNAPSHOT</version>
         <version>243.20847-EAP-CANDIDATE-SNAPSHOT</version>
         <version>243.20847.40-EAP-SNAPSHOT</version>
         <version>243.21155-EAP-CANDIDATE-SNAPSHOT</version>
         <version>243.21155.17-EAP-SNAPSHOT</version>
         <version>243.21565-EAP-CANDIDATE-SNAPSHOT</version>
         <version>243.21565.23-EAP-SNAPSHOT</version>
         <version>243.21565.129-EAP-SNAPSHOT</version>
         <version>243.22372-EAP-CANDIDATE-SNAPSHOT</version>
      </versions>
      <lastUpdated>20241114171249</lastUpdated>
   </versioning>
</metadata>