<?xml version="1.0" encoding="UTF-8"?>
<metadata>
   <groupId>com.jetbrains.intellij.idea</groupId>
   <artifactId>ideaIU</artifactId>
   <versioning>
      <latest>2024.3</latest>
      <release>2024.3</release>
      <versions>
         <version>14.1</version>
         <version>14.1.1</version>
         <version>14.1.2</version>
         <version>14.1.3</version>
         <version>14.1.4</version>
         <version>14.1.5</version>
         <version>15.0</version>
         <version>15.0.1</version>
         <version>15.0.2</version>
         <version>15.0.3</version>
         <version>15.0.4</version>
         <version>15.0.5</version>
         <version>15.0.6</version>
         <version>143.116.4</version>
         <version>143.249.6</version>
         <version>143.379.11</version>
         <version>143.380.20</version>
         <version>143.381.42</version>
         <version>143.382.26</version>
         <version>143.382.35</version>
         <version>143.747.5</version>
         <version>143.747.6</version>
         <version>143.869.1</version>
         <version>143.870.1</version>
         <version>143.1015.7</version>
         <version>143.1183.10</version>
         <version>143.1184.17</version>
         <version>143.1453.5</version>
         <version>143.1559.1</version>
         <version>143.1653.2</version>
         <version>143.1820.1</version>
         <version>143.1821.5</version>
         <version>143.2167.2</version>
         <version>143.2287.1</version>
         <version>143.2332.2</version>
         <version>143.2332.3</version>
         <version>143.2370.9</version>
         <version>143.2370.12</version>
         <version>143.2370.16</version>
         <version>143.2370.31</version>
         <version>144.2151.16</version>
         <version>144.2608.2</version>
         <version>144.2925.2</version>
         <version>144.3143.6</version>
         <version>144.3357.4</version>
         <version>144.3600.7</version>
         <version>144.3891.8</version>
         <version>144.4199.23</version>
         <version>145.184.1</version>
         <version>145.256.33</version>
         <version>145.257.12</version>
         <version>145.258.11</version>
         <version>145.596.7</version>
         <version>145.597.3</version>
         <version>145.844.1</version>
         <version>145.969.6</version>
         <version>145.970.4</version>
         <version>145.971.21</version>
         <version>145.972.3</version>
         <version>145.1503.17</version>
         <version>145.1616.11</version>
         <version>145.1617.8</version>
         <version>145.2070.6</version>
         <version>162.74.16</version>
         <version>162.426.1</version>
         <version>162.646.4</version>
         <version>162.844.8</version>
         <version>162.917.19</version>
         <version>162.1024.1</version>
         <version>162.1120.6</version>
         <version>162.1121.10</version>
         <version>162.1121.32</version>
         <version>162.1447.7</version>
         <version>162.1447.21</version>
         <version>162.1447.26</version>
         <version>162.1628.6</version>
         <version>162.1628.17</version>
         <version>162.1628.40</version>
         <version>162.1812.2</version>
         <version>162.1812.8</version>
         <version>162.1812.17</version>
         <version>162.2032.2</version>
         <version>162.2032.8</version>
         <version>162.2228.6</version>
         <version>162.2228.14</version>
         <version>162.2228.15</version>
         <version>162.2946</version>
         <version>163.3094.26</version>
         <version>163.3512.7</version>
         <version>163.3983.4</version>
         <version>163.4396.1</version>
         <version>163.4830.24</version>
         <version>163.5219.11</version>
         <version>163.5644.15</version>
         <version>163.6110.12</version>
         <version>163.6512.17</version>
         <version>163.6957.12</version>
         <version>163.7342.3</version>
         <version>163.7743.17</version>
         <version>163.7743.37</version>
         <version>163.7743.44</version>
         <version>163.9166.7</version>
         <version>163.9166.20</version>
         <version>163.9166.29</version>
         <version>163.10154</version>
         <version>163.10154.17</version>
         <version>163.10154.41</version>
         <version>163.11103.1</version>
         <version>163.11103.3</version>
         <version>163.11103.6</version>
         <version>163.12024.1</version>
         <version>163.12024.11</version>
         <version>163.12024.16</version>
         <version>163.13906.3</version>
         <version>163.13906.6</version>
         <version>163.13906.16</version>
         <version>163.13906.18</version>
         <version>163.15188.5</version>
         <version>163.15188.11</version>
         <version>163.15529.5</version>
         <version>163.15529.8</version>
         <version>171.1834.9</version>
         <version>171.2014.21</version>
         <version>171.2272.14</version>
         <version>171.2455.10</version>
         <version>171.2613.7</version>
         <version>171.2822.15</version>
         <version>171.3019.7</version>
         <version>171.3224.1</version>
         <version>171.3566.24</version>
         <version>171.3691.12</version>
         <version>171.3780.15</version>
         <version>171.3780.52</version>
         <version>171.3780.95</version>
         <version>171.3780.107</version>
         <version>171.4073.12</version>
         <version>171.4073.17</version>
         <version>171.4073.28</version>
         <version>171.4073.35</version>
         <version>171.4249.4</version>
         <version>171.4249.21</version>
         <version>171.4249.32</version>
         <version>171.4249.39</version>
         <version>171.4424.14</version>
         <version>171.4424.37</version>
         <version>171.4424.56</version>
         <version>171.4694.9</version>
         <version>171.4694.15</version>
         <version>171.4694.23</version>
         <version>171.4694.70</version>
         <version>171.4694.73</version>
         <version>172.1909.2</version>
         <version>172.2103.15</version>
         <version>172.2273.8</version>
         <version>172.2465.6</version>
         <version>172.2656.10</version>
         <version>172.2827.15</version>
         <version>172.2953.9</version>
         <version>172.3095.12</version>
         <version>172.3198.6</version>
         <version>172.3317.6</version>
         <version>172.3317.53</version>
         <version>172.3317.76</version>
         <version>172.3544.6</version>
         <version>172.3544.18</version>
         <version>172.3544.35</version>
         <version>172.3757.5</version>
         <version>172.3757.29</version>
         <version>172.3757.52</version>
         <version>172.3968.1</version>
         <version>172.3968.16</version>
         <version>172.4155.5</version>
         <version>172.4155.24</version>
         <version>172.4155.36</version>
         <version>172.4343.2</version>
         <version>172.4343.5</version>
         <version>172.4343.14</version>
         <version>172.4574.5</version>
         <version>172.4574.8</version>
         <version>172.4574.11</version>
         <version>172.4574.17</version>
         <version>172.4574.19</version>
         <version>173.2099.1</version>
         <version>173.2099.4</version>
         <version>173.2099.10</version>
         <version>173.2099.14</version>
         <version>173.2290.1</version>
         <version>173.2463.16</version>
         <version>173.2696.26</version>
         <version>173.2941.3</version>
         <version>173.3188.16</version>
         <version>173.3302.5</version>
         <version>173.3302.8</version>
         <version>173.3415.22</version>
         <version>173.3531.6</version>
         <version>173.3622.25</version>
         <version>173.3727.22</version>
         <version>173.3727.78</version>
         <version>173.3727.127</version>
         <version>173.3942.4</version>
         <version>173.3942.15</version>
         <version>173.3942.27</version>
         <version>173.4127.2</version>
         <version>173.4127.17</version>
         <version>173.4127.27</version>
         <version>173.4301.1</version>
         <version>173.4301.14</version>
         <version>173.4301.25</version>
         <version>173.4548.2</version>
         <version>173.4548.10</version>
         <version>173.4548.28</version>
         <version>173.4674.1</version>
         <version>173.4674.33</version>
         <version>173.4674.60</version>
         <version>173.4710.11</version>
         <version>181.2784.17</version>
         <version>181.2784.28</version>
         <version>181.3007.14</version>
         <version>181.3263.15</version>
         <version>181.3494.3</version>
         <version>181.3741.2</version>
         <version>181.3870.7</version>
         <version>181.3986.9</version>
         <version>181.4096.5</version>
         <version>181.4203.6</version>
         <version>181.4203.400</version>
         <version>181.4203.519</version>
         <version>181.4203.550</version>
         <version>181.4445.4</version>
         <version>181.4445.20</version>
         <version>181.4445.78</version>
         <version>181.4668.1</version>
         <version>181.4668.14</version>
         <version>181.4668.68</version>
         <version>181.4892.5</version>
         <version>181.4892.27</version>
         <version>181.4892.42</version>
         <version>181.5087.6</version>
         <version>181.5087.20</version>
         <version>181.5281.6</version>
         <version>181.5281.18</version>
         <version>181.5281.24</version>
         <version>181.5540.1</version>
         <version>181.5540.3</version>
         <version>181.5540.7</version>
         <version>181.5540.23</version>
         <version>181.5684.4</version>
         <version>182.711</version>
         <version>182.2371.4</version>
         <version>182.2574.2</version>
         <version>182.2757.3</version>
         <version>182.2949.2</version>
         <version>182.2949.4</version>
         <version>182.3208.16</version>
         <version>182.3341.11</version>
         <version>182.3458.5</version>
         <version>182.3569.1</version>
         <version>182.3684.2</version>
         <version>182.3684.40</version>
         <version>182.3684.90</version>
         <version>182.3684.101</version>
         <version>182.3911.6</version>
         <version>182.3911.13</version>
         <version>182.3911.36</version>
         <version>182.4129.4</version>
         <version>182.4129.26</version>
         <version>182.4129.33</version>
         <version>182.4323.6</version>
         <version>182.4323.18</version>
         <version>182.4323.46</version>
         <version>182.4505.7</version>
         <version>182.4505.13</version>
         <version>182.4505.22</version>
         <version>182.4892.2</version>
         <version>182.4892.12</version>
         <version>182.4892.20</version>
         <version>182.5107.6</version>
         <version>182.5107.16</version>
         <version>182.5107.41</version>
         <version>182.5262.2</version>
         <version>183.2153.8</version>
         <version>183.2407.10</version>
         <version>183.2635.13</version>
         <version>183.2940.10</version>
         <version>183.3283.2</version>
         <version>183.3647.12</version>
         <version>183.3795.13</version>
         <version>183.3975.18</version>
         <version>183.4139.22</version>
         <version>183.4284.36</version>
         <version>183.4284.85</version>
         <version>183.4284.93</version>
         <version>183.4284.107</version>
         <version>183.4284.118</version>
         <version>183.4284.148</version>
         <version>183.4588.3</version>
         <version>183.4588.19</version>
         <version>183.4588.27</version>
         <version>183.4588.48</version>
         <version>183.4588.61</version>
         <version>183.4886.3</version>
         <version>183.4886.12</version>
         <version>183.4886.37</version>
         <version>183.5153.1</version>
         <version>183.5153.4</version>
         <version>183.5153.8</version>
         <version>183.5153.38</version>
         <version>183.5429.1</version>
         <version>183.5429.20</version>
         <version>183.5429.25</version>
         <version>183.5429.30</version>
         <version>183.5912.2</version>
         <version>183.5912.10</version>
         <version>183.5912.17</version>
         <version>183.5912.21</version>
         <version>183.6156.11</version>
         <version>191.4212.41</version>
         <version>191.4212.42</version>
         <version>191.4738.6</version>
         <version>191.5109.14</version>
         <version>191.5532.39</version>
         <version>191.5701.16</version>
         <version>191.5849.21</version>
         <version>191.6183.87</version>
         <version>191.6707.61</version>
         <version>191.7141.44</version>
         <version>191.7479.19</version>
         <version>191.8026.42</version>
         <version>192.5728.98</version>
         <version>192.6262.58</version>
         <version>192.6603.28</version>
         <version>192.6817.14</version>
         <version>192.7142.36</version>
         <version>193.5233.102</version>
         <version>193.5662.46</version>
         <version>193.5662.53</version>
         <version>193.6015.39</version>
         <version>193.6494.35</version>
         <version>193.6911.18</version>
         <version>193.7288.26</version>
         <version>201.6668.113</version>
         <version>201.6668.121</version>
         <version>201.7223.91</version>
         <version>201.7846.76</version>
         <version>201.8538.31</version>
         <version>201.8743.12</version>
         <version>202.6397.94</version>
         <version>202.6948.69</version>
         <version>202.7319.50</version>
         <version>202.7660.26</version>
         <version>202.8194.7</version>
         <version>203.5981.155</version>
         <version>203.6682.168</version>
         <version>203.7148.57</version>
         <version>203.7717.32</version>
         <version>203.7717.56</version>
         <version>203.8084.24</version>
         <version>211.6693.111</version>
         <version>211.7142.45</version>
         <version>211.7442.40</version>
         <version>211.7628.21</version>
         <version>212.4746.92</version>
         <version>212.5080.55</version>
         <version>212.5284.40</version>
         <version>212.5457.46</version>
         <version>212.5712.43</version>
         <version>213.5744.223</version>
         <version>213.6461.79</version>
         <version>213.6777.52</version>
         <version>213.7172.25</version>
         <version>213.7172.53</version>
         <version>221.5080.210</version>
         <version>221.5591.52</version>
         <version>221.5787.30</version>
         <version>221.5921.22</version>
         <version>221.6008.13</version>
         <version>222.3345.118</version>
         <version>222.3739.54</version>
         <version>222.4167.29</version>
         <version>222.4345.14</version>
         <version>222.4459.24</version>
         <version>222.4554.10</version>
         <version>223.7571.182</version>
         <version>223.8214.52</version>
         <version>223.8617.56</version>
         <version>223.8836.41</version>
         <version>231.8109.175</version>
         <version>231.8770.65</version>
         <version>231.9011.34</version>
         <version>231.9161.38</version>
         <version>231.9225.16</version>
         <version>231.9392.1</version>
         <version>231.9414.13</version>
         <version>231.9423.9</version>
         <version>232.8660.185</version>
         <version>232.9559.62</version>
         <version>232.9921.47</version>
         <version>232.10072.27</version>
         <version>232.10203.2</version>
         <version>232.10203.10</version>
         <version>232.10227.8</version>
         <version>232.10300.40</version>
         <version>232.10319.17</version>
         <version>232.10335.12</version>
         <version>233.11799.241</version>
         <version>233.11799.300</version>
         <version>233.13135.103</version>
         <version>233.13135.128</version>
         <version>233.14015.106</version>
         <version>233.14475.28</version>
         <version>233.14808.21</version>
         <version>233.15026.9</version>
         <version>233.15325.26</version>
         <version>233.15619.7</version>
         <version>241.14494.240</version>
         <version>241.15989.150</version>
         <version>241.17011.79</version>
         <version>241.17890.1</version>
         <version>241.18034.55</version>
         <version>241.18034.62</version>
         <version>241.18968.26</version>
         <version>241.19072.14</version>
         <version>241.19416.15</version>
         <version>242.20224.300</version>
         <version>242.20224.387</version>
         <version>242.20224.419</version>
         <version>242.21829.40</version>
         <version>242.21829.142</version>
         <version>242.22855.74</version>
         <version>242.23339.11</version>
         <version>242.23726.103</version>
         <version>243.21565.193</version>
         <version>2016.1</version>
         <version>2016.1.1</version>
         <version>2016.1.2</version>
         <version>2016.1.3</version>
         <version>2016.1.4</version>
         <version>2016.2</version>
         <version>2016.2.1</version>
         <version>2016.2.2</version>
         <version>2016.2.3</version>
         <version>2016.2.4</version>
         <version>2016.2.5</version>
         <version>2016.3</version>
         <version>2016.3.1</version>
         <version>2016.3.2</version>
         <version>2016.3.3</version>
         <version>2016.3.4</version>
         <version>2016.3.5</version>
         <version>2016.3.6</version>
         <version>2016.3.7</version>
         <version>2016.3.8</version>
         <version>2017.1</version>
         <version>2017.1.1</version>
         <version>2017.1.2</version>
         <version>2017.1.3</version>
         <version>2017.1.4</version>
         <version>2017.1.5</version>
         <version>2017.1.6</version>
         <version>2017.2</version>
         <version>2017.2.1</version>
         <version>2017.2.2</version>
         <version>2017.2.3</version>
         <version>2017.2.4</version>
         <version>2017.2.5</version>
         <version>2017.2.6</version>
         <version>2017.2.7</version>
         <version>2017.3</version>
         <version>2017.3.1</version>
         <version>2017.3.2</version>
         <version>2017.3.3</version>
         <version>2017.3.4</version>
         <version>2017.3.5</version>
         <version>2017.3.6</version>
         <version>2017.3.7</version>
         <version>2018.1</version>
         <version>2018.1.1</version>
         <version>2018.1.2</version>
         <version>2018.1.3</version>
         <version>2018.1.4</version>
         <version>2018.1.5</version>
         <version>2018.1.6</version>
         <version>2018.1.7</version>
         <version>2018.1.8</version>
         <version>2018.2</version>
         <version>2018.2.1</version>
         <version>2018.2.2</version>
         <version>2018.2.3</version>
         <version>2018.2.4</version>
         <version>2018.2.5</version>
         <version>2018.2.6</version>
         <version>2018.2.7</version>
         <version>2018.2.8</version>
         <version>2018.3</version>
         <version>2018.3.1</version>
         <version>2018.3.2</version>
         <version>2018.3.3</version>
         <version>2018.3.4</version>
         <version>2018.3.5</version>
         <version>2018.3.6</version>
         <version>2019.1</version>
         <version>2019.1.1</version>
         <version>2019.1.2</version>
         <version>2019.1.3</version>
         <version>2019.1.4</version>
         <version>2019.2</version>
         <version>2019.2.1</version>
         <version>2019.2.2</version>
         <version>2019.2.3</version>
         <version>2019.2.4</version>
         <version>2019.3</version>
         <version>2019.3.1</version>
         <version>2019.3.2</version>
         <version>2019.3.3</version>
         <version>2019.3.4</version>
         <version>2019.3.5</version>
         <version>2020.1</version>
         <version>2020.1.1</version>
         <version>2020.1.2</version>
         <version>2020.1.3</version>
         <version>2020.1.4</version>
         <version>2020.2</version>
         <version>2020.2.1</version>
         <version>2020.2.2</version>
         <version>2020.2.3</version>
         <version>2020.2.4</version>
         <version>2020.3</version>
         <version>2020.3.1</version>
         <version>2020.3.2</version>
         <version>2020.3.3</version>
         <version>2020.3.4</version>
         <version>2021.1</version>
         <version>2021.1.1</version>
         <version>2021.1.2</version>
         <version>2021.1.3</version>
         <version>2021.2</version>
         <version>2021.2.1</version>
         <version>2021.2.2</version>
         <version>2021.2.3</version>
         <version>2021.2.4</version>
         <version>2021.3</version>
         <version>2021.3.1</version>
         <version>2021.3.2</version>
         <version>2021.3.3</version>
         <version>2021.3.4</version>
         <version>2022.1</version>
         <version>2022.1.1</version>
         <version>2022.1.2</version>
         <version>2022.1.3</version>
         <version>2022.1.4</version>
         <version>2022.2</version>
         <version>2022.2.1</version>
         <version>2022.2.2</version>
         <version>2022.2.3</version>
         <version>2022.2.4</version>
         <version>2022.2.5</version>
         <version>2022.3</version>
         <version>2022.3.1</version>
         <version>2022.3.2</version>
         <version>2022.3.3</version>
         <version>2023.1</version>
         <version>2023.1.1</version>
         <version>2023.1.2</version>
         <version>2023.1.3</version>
         <version>2023.1.4</version>
         <version>2023.1.5</version>
         <version>2023.1.6</version>
         <version>2023.1.7</version>
         <version>2023.2</version>
         <version>2023.2.1</version>
         <version>2023.2.2</version>
         <version>2023.2.3</version>
         <version>2023.2.4</version>
         <version>2023.2.5</version>
         <version>2023.2.6</version>
         <version>2023.2.7</version>
         <version>2023.2.8</version>
         <version>2023.3</version>
         <version>2023.3.1</version>
         <version>2023.3.2</version>
         <version>2023.3.2.1</version>
         <version>2023.3.3</version>
         <version>2023.3.4</version>
         <version>2023.3.5</version>
         <version>2023.3.6</version>
         <version>2023.3.7</version>
         <version>2023.3.8</version>
         <version>2024.1</version>
         <version>2024.1.1</version>
         <version>2024.1.2</version>
         <version>2024.1.3</version>
         <version>2024.1.4</version>
         <version>2024.1.5</version>
         <version>2024.1.6</version>
         <version>2024.1.7</version>
         <version>2024.2</version>
         <version>2024.2.0.1</version>
         <version>2024.2.0.2</version>
         <version>2024.2.1</version>
         <version>2024.2.2</version>
         <version>2024.2.3</version>
         <version>2024.2.4</version>
         <version>2024.3</version>
      </versions>
      <lastUpdated>20241113125611</lastUpdated>
   </versioning>
</metadata>